{"icdar/precision": 0.9078807241746539, "icdar/recall": 0.8208955223880597, "icdar/hmean": 0.8621997471554994, "data_time": 0.14236600697040558, "time": 0.7235487028956413}