{"lr": 0.0021758201897722346, "data_time": 0.005147743225097656, "loss": 3.7567445993423463, "loss_prob": 2.8543906450271606, "loss_thr": 0.652868676185608, "loss_db": 0.24948527216911315, "time": 0.580056118965149, "epoch": 900, "iter": 14399, "memory": 19736, "_timestamp": 1700060365.7295365, "_runtime": 44684.669006586075, "_step": 2743, "icdar/precision": 5.025176132423441e-05, "icdar/recall": 0.002407318247472316, "icdar/hmean": 9.844845239032841e-05, "_wandb": {"runtime": 44731}}