{"lr": 0.007, "data_time": 7.757586669921875, "loss": 17.27565155029297, "loss_prob": 13.509518051147461, "loss_thr": 2.7743536472320556, "loss_db": 0.9917794466018677, "time": 8.543710327148437, "epoch": 1, "iter": 5, "memory": 19734, "step": 5}
{"lr": 0.007, "data_time": 3.8862674713134764, "loss": 12.175817155838013, "loss_prob": 9.054030418395996, "loss_thr": 2.130116879940033, "loss_db": 0.9916696071624755, "time": 4.551319885253906, "epoch": 1, "iter": 10, "memory": 19734, "step": 10}
{"lr": 0.007, "data_time": 0.008640193939208984, "loss": 6.49338665008545, "loss_prob": 4.119962358474732, "loss_thr": 1.3795282959938049, "loss_db": 0.993895947933197, "time": 0.5478837490081787, "epoch": 1, "iter": 15, "memory": 19734, "step": 15}
{"lr": 0.007, "data_time": 0.003876948356628418, "loss": 5.847980546951294, "loss_prob": 3.5952938079833983, "loss_thr": 1.2564542531967162, "loss_db": 0.9962324678897858, "time": 0.5346948862075805, "epoch": 1, "iter": 20, "memory": 19734, "step": 20}
{"lr": 0.007, "data_time": 0.012257552146911621, "loss": 5.767821407318115, "loss_prob": 3.5224246978759766, "loss_thr": 1.2494911432266236, "loss_db": 0.9959055423736572, "time": 0.5390545845031738, "epoch": 1, "iter": 25, "memory": 19734, "step": 25}
{"lr": 0.007, "data_time": 0.010780048370361329, "loss": 5.425984334945679, "loss_prob": 3.2174918413162232, "loss_thr": 1.2107302784919738, "loss_db": 0.9977622210979462, "time": 0.5353909015655518, "epoch": 1, "iter": 30, "memory": 19734, "step": 30}
{"lr": 0.007, "data_time": 3.023890256881714, "loss": 5.053673315048218, "loss_prob": 2.8932759284973146, "loss_thr": 1.1603993415832519, "loss_db": 0.999998140335083, "time": 3.563810849189758, "epoch": 2, "iter": 37, "memory": 19734, "step": 37}
{"lr": 0.007, "data_time": 3.025322937965393, "loss": 5.050300264358521, "loss_prob": 2.8866576671600344, "loss_thr": 1.163736641407013, "loss_db": 0.9999060511589051, "time": 3.6039613008499147, "epoch": 2, "iter": 42, "memory": 19734, "step": 42}
{"lr": 0.007, "data_time": 0.005683135986328125, "loss": 5.037810802459717, "loss_prob": 2.874385452270508, "loss_thr": 1.1635222554206848, "loss_db": 0.9999031543731689, "time": 0.5370041608810425, "epoch": 2, "iter": 47, "memory": 19734, "step": 47}
{"lr": 0.007, "data_time": 0.004149889945983887, "loss": 5.0029027462005615, "loss_prob": 2.8451170206069945, "loss_thr": 1.1577950596809388, "loss_db": 0.999990713596344, "time": 0.5333935499191285, "epoch": 2, "iter": 52, "memory": 19734, "step": 52}
{"lr": 0.007, "data_time": 0.004682207107543945, "loss": 4.985342693328858, "loss_prob": 2.829687476158142, "loss_thr": 1.1556679010391235, "loss_db": 0.9999872744083405, "time": 0.5348454236984252, "epoch": 2, "iter": 57, "memory": 19734, "step": 57}
{"lr": 0.007, "data_time": 0.008040761947631836, "loss": 4.979986524581909, "loss_prob": 2.8222678899765015, "loss_thr": 1.1577364683151246, "loss_db": 0.9999821960926056, "time": 0.541095519065857, "epoch": 2, "iter": 62, "memory": 19734, "step": 62}
{"lr": 0.007, "data_time": 3.044053864479065, "loss": 4.978648996353149, "loss_prob": 2.8221743583679197, "loss_thr": 1.1564964413642884, "loss_db": 0.9999782145023346, "time": 3.5452686071395876, "epoch": 3, "iter": 69, "memory": 19734, "step": 69}
{"lr": 0.007, "data_time": 3.0452903747558593, "loss": 4.977170038223266, "loss_prob": 2.8221954822540285, "loss_thr": 1.1549950242042542, "loss_db": 0.9999795138835907, "time": 3.5815278768539427, "epoch": 3, "iter": 74, "memory": 19734, "step": 74}
{"lr": 0.007, "data_time": 0.006370639801025391, "loss": 4.973268270492554, "loss_prob": 2.820692276954651, "loss_thr": 1.1525943994522094, "loss_db": 0.9999816119670868, "time": 0.5381941080093384, "epoch": 3, "iter": 79, "memory": 19734, "step": 79}
{"lr": 0.007, "data_time": 0.003450179100036621, "loss": 4.972842979431152, "loss_prob": 2.818487453460693, "loss_thr": 1.1543746590614319, "loss_db": 0.9999808847904206, "time": 0.535880708694458, "epoch": 3, "iter": 84, "memory": 19734, "step": 84}
{"lr": 0.007, "data_time": 0.007723665237426758, "loss": 4.975059604644775, "loss_prob": 2.816716766357422, "loss_thr": 1.158362865447998, "loss_db": 0.9999799489974975, "time": 0.5399545431137085, "epoch": 3, "iter": 89, "memory": 19734, "step": 89}
{"lr": 0.007, "data_time": 0.009737586975097657, "loss": 4.971046829223633, "loss_prob": 2.8163565397262573, "loss_thr": 1.1547114491462707, "loss_db": 0.9999787747859955, "time": 0.5502967596054077, "epoch": 3, "iter": 94, "memory": 19734, "step": 94}
{"lr": 0.007, "data_time": 3.0679673194885253, "loss": 4.984475374221802, "loss_prob": 2.819960379600525, "loss_thr": 1.164533758163452, "loss_db": 0.9999811589717865, "time": 3.718937706947327, "epoch": 4, "iter": 101, "memory": 19734, "step": 101}
{"lr": 0.007, "data_time": 3.06606924533844, "loss": 4.9738109588623045, "loss_prob": 2.8200942993164064, "loss_thr": 1.1537327527999879, "loss_db": 0.9999839127063751, "time": 3.75089635848999, "epoch": 4, "iter": 106, "memory": 19734, "step": 106}
{"lr": 0.007, "data_time": 0.00250546932220459, "loss": 4.967436265945435, "loss_prob": 2.8167530059814454, "loss_thr": 1.1507005929946899, "loss_db": 0.9999826908111572, "time": 0.5301953077316284, "epoch": 4, "iter": 111, "memory": 19734, "step": 111}
{"lr": 0.007, "data_time": 0.002552294731140137, "loss": 4.96513147354126, "loss_prob": 2.815686297416687, "loss_thr": 1.1494635701179505, "loss_db": 0.9999816596508027, "time": 0.525326156616211, "epoch": 4, "iter": 116, "memory": 19734, "step": 116}
{"lr": 0.007, "data_time": 0.0065070390701293945, "loss": 4.96934404373169, "loss_prob": 2.8160121202468873, "loss_thr": 1.1533527970314026, "loss_db": 0.9999792039394378, "time": 0.532887625694275, "epoch": 4, "iter": 121, "memory": 19734, "step": 121}
{"lr": 0.007, "data_time": 0.008856534957885742, "loss": 4.971387052536011, "loss_prob": 2.8185369968414307, "loss_thr": 1.152869963645935, "loss_db": 0.9999801099300385, "time": 0.5438150644302369, "epoch": 4, "iter": 126, "memory": 19734, "step": 126}
{"lr": 0.007, "data_time": 2.9992623329162598, "loss": 4.974656009674073, "loss_prob": 2.816786456108093, "loss_thr": 1.1578860402107238, "loss_db": 0.9999835610389709, "time": 3.5112014770507813, "epoch": 5, "iter": 133, "memory": 19734, "step": 133}
{"lr": 0.007, "data_time": 3.0001408100128173, "loss": 4.9683177947998045, "loss_prob": 2.8162116765975953, "loss_thr": 1.1521241068840027, "loss_db": 0.9999820530414582, "time": 3.5342740297317503, "epoch": 5, "iter": 138, "memory": 19734, "step": 138}
{"lr": 0.007, "data_time": 0.004969334602355957, "loss": 4.9676642417907715, "loss_prob": 2.8165421962738035, "loss_thr": 1.1511406779289246, "loss_db": 0.9999814391136169, "time": 0.5253512620925903, "epoch": 5, "iter": 143, "memory": 19734, "step": 143}
{"lr": 0.007, "data_time": 0.005385637283325195, "loss": 4.97250337600708, "loss_prob": 2.8198839664459228, "loss_thr": 1.1526394724845885, "loss_db": 0.9999800205230713, "time": 0.5317414999008179, "epoch": 5, "iter": 148, "memory": 19734, "step": 148}
{"lr": 0.007, "data_time": 0.007814621925354004, "loss": 4.973542976379394, "loss_prob": 2.8188156366348265, "loss_thr": 1.154749345779419, "loss_db": 0.9999780118465423, "time": 0.5544709920883178, "epoch": 5, "iter": 153, "memory": 19734, "step": 153}
{"lr": 0.007, "data_time": 0.01025691032409668, "loss": 4.96886978149414, "loss_prob": 2.815107011795044, "loss_thr": 1.153782594203949, "loss_db": 0.9999801695346833, "time": 0.5472566843032837, "epoch": 5, "iter": 158, "memory": 19734, "step": 158}
{"lr": 0.007, "data_time": 2.814593291282654, "loss": 4.967981767654419, "loss_prob": 2.816461372375488, "loss_thr": 1.1515364289283752, "loss_db": 0.9999839305877686, "time": 3.299737024307251, "epoch": 6, "iter": 165, "memory": 19734, "step": 165}
{"lr": 0.007, "data_time": 2.8168339252471926, "loss": 4.9684852123260494, "loss_prob": 2.814941716194153, "loss_thr": 1.1535610556602478, "loss_db": 0.9999824285507202,