{"lr": 0.007, "data_time": 10.960062074661256, "loss": 18.025247192382814, "loss_prob": 14.432381629943848, "loss_thr": 2.599741315841675, "loss_db": 0.9931241035461426, "time": 11.735231161117554, "epoch": 1, "iter": 5, "memory": 19734, "step": 5}
{"lr": 0.007, "data_time": 5.48175802230835, "loss": 12.307920980453492, "loss_prob": 9.38152060508728, "loss_thr": 1.9330623984336852, "loss_db": 0.9933379292488098, "time": 6.174166059494018, "epoch": 1, "iter": 10, "memory": 19734, "step": 10}
{"lr": 0.007, "data_time": 0.0042619466781616214, "loss": 5.90106234550476, "loss_prob": 3.68128764629364, "loss_thr": 1.223379123210907, "loss_db": 0.9963955521583557, "time": 0.6030752658843994, "epoch": 1, "iter": 15, "memory": 19734, "step": 15}
