{"lr": 0.007, "data_time": 10.759741401672363, "loss": 13.55922565460205, "loss_prob": 10.117788505554199, "loss_thr": 2.4534111499786375, "loss_db": 0.9880257964134216, "time": 11.815281391143799, "epoch": 1, "iter": 5, "memory": 19734, "step": 5}
{"lr": 0.007, "data_time": 5.381212854385376, "loss": 9.661068201065063, "loss_prob": 6.7945949792861935, "loss_thr": 1.8764198899269104, "loss_db": 0.9900531351566315, "time": 6.194851207733154, "epoch": 1, "iter": 10, "memory": 19734, "step": 10}
{"lr": 0.007, "data_time": 0.004447746276855469, "loss": 5.440477991104126, "loss_prob": 3.196030306816101, "loss_thr": 1.2484362244606018, "loss_db": 0.9960113227367401, "time": 0.5846605062484741, "epoch": 1, "iter": 15, "memory": 19734, "step": 15}
{"lr": 0.007, "data_time": 3.811487627029419, "loss": 5.052158784866333, "loss_prob": 2.8836273670196535, "loss_thr": 1.1685459613800049, "loss_db": 0.9999853372573853, "time": 4.515567398071289, "epoch": 2, "iter": 21, "memory": 19734, "step": 21}
{"lr": 0.007, "data_time": 3.8099900007247927, "loss": 5.024515962600708, "loss_prob": 2.8618688106536867, "loss_thr": 1.162647557258606, "loss_db": 0.999999463558197, "time": 4.525466895103454, "epoch": 2, "iter": 26, "memory": 19734, "step": 26}
{"lr": 0.007, "data_time": 0.0029660463333129883, "loss": 5.014118719100952, "loss_prob": 2.8558892726898195, "loss_thr": 1.1582297205924987, "loss_db": 0.9999996244907379, "time": 0.5767292261123658, "epoch": 2, "iter": 31, "memory": 19734, "step": 31}
{"lr": 0.007, "data_time": 3.702960467338562, "loss": 5.002457046508789, "loss_prob": 2.845917224884033, "loss_thr": 1.1565403819084168, "loss_db": 0.9999993979930878, "time": 4.437981224060058, "epoch": 3, "iter": 37, "memory": 19734, "step": 37}
{"lr": 0.007, "data_time": 3.7058085203170776, "loss": 4.995099115371704, "loss_prob": 2.8374107837677003, "loss_thr": 1.157689130306244, "loss_db": 0.9999991893768311, "time": 4.463870739936828, "epoch": 3, "iter": 42, "memory": 19734, "step": 42}
{"lr": 0.007, "data_time": 0.005720758438110351, "loss": 4.986416959762574, "loss_prob": 2.830270791053772, "loss_thr": 1.156147038936615, "loss_db": 0.9999990940093995, "time": 0.5774923801422119, "epoch": 3, "iter": 47, "memory": 19734, "step": 47}
{"lr": 0.007, "data_time": 4.002808570861816, "loss": 4.97519326210022, "loss_prob": 2.8209975004196166, "loss_thr": 1.1541977524757385, "loss_db": 0.9999980568885803, "time": 4.556622076034546, "epoch": 4, "iter": 53, "memory": 19734, "step": 53}
{"lr": 0.007, "data_time": 4.003104972839355, "loss": 4.968313550949096, "loss_prob": 2.816693162918091, "loss_thr": 1.1516227006912232, "loss_db": 0.9999977886676789, "time": 4.5856222152709964, "epoch": 4, "iter": 58, "memory": 19734, "step": 58}
{"lr": 0.007, "data_time": 0.004129838943481445, "loss": 4.9671488285064695, "loss_prob": 2.8156294584274293, "loss_thr": 1.1515230655670166, "loss_db": 0.9999963879585266, "time": 0.5890246391296386, "epoch": 4, "iter": 63, "memory": 19734, "step": 63}
