{"lr": 0.007, "data_time": 11.373778533935546, "loss": 17.737007904052735, "loss_prob": 14.49487075805664, "loss_thr": 2.2513644218444826, "loss_db": 0.9907727360725402, "time": 12.21167449951172, "epoch": 1, "iter": 5, "memory": 19734, "step": 5}
{"lr": 0.007, "data_time": 5.688944911956787, "loss": 12.418424987792969, "loss_prob": 9.676194047927856, "loss_thr": 1.7525586843490601, "loss_db": 0.9896721839904785, "time": 6.395968222618103, "epoch": 1, "iter": 10, "memory": 19734, "step": 10}
{"lr": 0.007, "data_time": 0.004656147956848144, "loss": 6.183032035827637, "loss_prob": 3.974709486961365, "loss_thr": 1.214557683467865, "loss_db": 0.9937647998332977, "time": 0.587296462059021, "epoch": 1, "iter": 15, "memory": 19734, "step": 15}
{"icdar/precision": 0.0, "icdar/recall": 0.0, "icdar/hmean": 0.0, "data_time": 0.03363921737670898, "time": 0.07159648704528808, "step": 1}
{"lr": 0.007, "data_time": 3.9841777801513674, "loss": 5.135762453079224, "loss_prob": 2.9703757762908936, "loss_thr": 1.165632975101471, "loss_db": 0.9997537136077881, "time": 4.753935217857361, "epoch": 2, "iter": 21, "memory": 19734, "step": 21}
{"lr": 0.007, "data_time": 3.9848834753036497, "loss": 5.082214641571045, "loss_prob": 2.9256152153015136, "loss_thr": 1.1566275715827943, "loss_db": 0.9999718129634857, "time": 4.762486457824707, "epoch": 2, "iter": 26, "memory": 19734, "step": 26}
{"lr": 0.007, "data_time": 0.004832696914672851, "loss": 5.076003932952881, "loss_prob": 2.921970820426941, "loss_thr": 1.1540692329406739, "loss_db": 0.9999638259410858, "time": 0.5809841632843018, "epoch": 2, "iter": 31, "memory": 19734, "step": 31}
{"icdar/precision": 0.0, "icdar/recall": 0.0, "icdar/hmean": 0.0, "data_time": 0.01150434547000461, "time": 0.047833103982229085, "step": 2}
