{"icdar/precision": 0.9176663031624863, "icdar/recall": 0.8103033220991815, "icdar/hmean": 0.8606494502684735, "data_time": 0.0025640163421630858, "time": 0.1476094136238098}