{"icdar/precision": 0.8746816097809476, "icdar/recall": 0.8266730861819933, "icdar/hmean": 0.8500000000000001, "data_time": 0.003248155117034912, "time": 0.03473502683639526}