{"IC15/recog/word_acc": 0.5267, "IC15/recog/word_acc_ignore_case": 0.6842, "IC15/recog/word_acc_ignore_case_symbol": 0.714, "IC15/recog/char_recall": 0.8781, "IC15/recog/char_precision": 0.8971, "data_time": 0.0004998563170490439, "time": 0.014126911264345171}