{"IC15/recog/word_acc": 0.1237, "IC15/recog/word_acc_ignore_case": 0.7607, "IC15/recog/word_acc_ignore_case_symbol": 0.8146, "IC15/recog/char_recall": 0.9257, "IC15/recog/char_precision": 0.9332, "data_time": 0.0007893128870310667, "time": 0.016762940999574254}