{"icdar/precision": 0.9051633298208641, "icdar/recall": 0.8271545498314877, "icdar/hmean": 0.8644025157232704, "data_time": 0.0033974766731262205, "time": 0.0372254319190979}