{"lr": 0.007, "data_time": 10.297882556915283, "loss": 16.34152545928955, "loss_prob": 13.097801399230956, "loss_thr": 2.256179690361023, "loss_db": 0.9875447034835816, "time": 11.308093070983887, "epoch": 1, "iter": 5, "memory": 19734, "step": 5}
{"lr": 0.007, "data_time": 5.152725863456726, "loss": 11.894004106521606, "loss_prob": 9.094979691505433, "loss_thr": 1.81285240650177, "loss_db": 0.9861721634864807, "time": 5.9469856977462765, "epoch": 1, "iter": 10, "memory": 19734, "step": 10}
{"lr": 0.007, "data_time": 0.005107879638671875, "loss": 6.417140102386474, "loss_prob": 4.155482625961303, "loss_thr": 1.2720070362091065, "loss_db": 0.989650422334671, "time": 0.5821155309677124, "epoch": 1, "iter": 15, "memory": 19734, "step": 15}
{"lr": 0.007, "data_time": 3.8248891592025758, "loss": 5.215958023071289, "loss_prob": 3.0490194082260134, "loss_thr": 1.168030071258545, "loss_db": 0.9989084899425507, "time": 4.378600430488587, "epoch": 2, "iter": 21, "memory": 19734, "step": 21}
{"lr": 0.007, "data_time": 3.8251216411590576, "loss": 5.1059177875518795, "loss_prob": 2.9430689573287965, "loss_thr": 1.1628589868545531, "loss_db": 0.9999898076057434, "time": 4.395255899429321, "epoch": 2, "iter": 26, "memory": 19734, "step": 26}
{"lr": 0.007, "data_time": 0.0029607772827148437, "loss": 5.064583587646484, "loss_prob": 2.906177520751953, "loss_thr": 1.1584092497825622, "loss_db": 0.9999967813491821, "time": 0.5830611467361451, "epoch": 2, "iter": 31, "memory": 19734, "step": 31}
{"lr": 0.007, "data_time": 3.7628300905227663, "loss": 5.041267251968383, "loss_prob": 2.878341484069824, "loss_thr": 1.1629318118095398, "loss_db": 0.9999938547611237, "time": 4.364888739585877, "epoch": 3, "iter": 37, "memory": 19734, "step": 37}
{"lr": 0.007, "data_time": 3.7631484270095825, "loss": 5.009334087371826, "loss_prob": 2.850806212425232, "loss_thr": 1.1585389256477356, "loss_db": 0.9999888837337494, "time": 4.381856441497803, "epoch": 3, "iter": 42, "memory": 19734, "step": 42}
{"lr": 0.007, "data_time": 0.003652215003967285, "loss": 4.98666467666626, "loss_prob": 2.833890962600708, "loss_thr": 1.1527912974357606, "loss_db": 0.9999824523925781, "time": 0.5841998815536499, "epoch": 3, "iter": 47, "memory": 19734, "step": 47}
{"lr": 0.007, "data_time": 3.934873938560486, "loss": 4.97763957977295, "loss_prob": 2.8269007921218874, "loss_thr": 1.150769793987274, "loss_db": 0.9999689280986785, "time": 4.510919737815857, "epoch": 4, "iter": 53, "memory": 19734, "step": 53}
{"lr": 0.007, "data_time": 3.934568977355957, "loss": 4.977725648880005, "loss_prob": 2.823538613319397, "loss_thr": 1.1542288184165954, "loss_db": 0.9999582707881928, "time": 4.523779892921448, "epoch": 4, "iter": 58, "memory": 19734, "step": 58}
{"lr": 0.007, "data_time": 0.002711844444274902, "loss": 4.972684907913208, "loss_prob": 2.8219384431838987, "loss_thr": 1.1507988214492797, "loss_db": 0.9999476313591004, "time": 0.5733638525009155, "epoch": 4, "iter": 63, "memory": 19734, "step": 63}
{"lr": 0.007, "data_time": 3.8736407995224, "loss": 4.9752130031585695, "loss_prob": 2.821571373939514, "loss_thr": 1.1536975502967834, "loss_db": 0.9999439775943756, "time": 4.442042970657349, "epoch": 5, "iter": 69, "memory": 19734, "step": 69}
{"lr": 0.007, "data_time": 3.875537657737732, "loss": 4.978633975982666, "loss_prob": 2.8238830089569094, "loss_thr": 1.1548040390014649, "loss_db": 0.9999469101428986, "time": 4.463639330863953, "epoch": 5, "iter": 74, "memory": 19734, "step": 74}
{"lr": 0.007, "data_time": 0.004812765121459961, "loss": 4.973008680343628, "loss_prob": 2.822589063644409, "loss_thr": 1.1504793405532836, "loss_db": 0.9999402523040771, "time": 0.5832265138626098, "epoch": 5, "iter": 79, "memory": 19734, "step": 79}
{"lr": 0.007, "data_time": 3.692150521278381, "loss": 4.97425947189331, "loss_prob": 2.8195979833602904, "loss_thr": 1.1547250628471375, "loss_db": 0.9999363780021667, "time": 4.304595255851746, "epoch": 6, "iter": 85, "memory": 19734, "step": 85}
{"lr": 0.007, "data_time": 3.691700792312622, "loss": 4.973668813705444, "loss_prob": 2.81968731880188, "loss_thr": 1.154037845134735, "loss_db": 0.9999436557292938, "time": 4.315762376785278, "epoch": 6, "iter": 90, "memory": 19734, "step": 90}
{"lr": 0.007, "data_time": 0.0031064510345458984, "loss": 4.970433902740479, "loss_prob": 2.8173349618911745, "loss_thr": 1.1531556606292725, "loss_db": 0.9999432921409607, "time": 0.5713849544525147, "epoch": 6, "iter": 95, "memory": 19734, "step": 95}
{"lr": 0.007, "data_time": 3.753606581687927, "loss": 4.9671050071716305, "loss_prob": 2.815753936767578, "loss_thr": 1.1514040589332581, "loss_db": 0.9999470114707947, "time": 4.333920574188232, "epoch": 7, "iter": 101, "memory": 19734, "step": 101}
{"lr": 0.007, "data_time": 3.7576491355896, "loss": 4.973811101913452, "loss_prob": 2.8159958839416506, "loss_thr": 1.1578670263290405, "loss_db": 0.9999482274055481, "time": 4.360784363746643, "epoch": 7, "iter": 106, "memory": 19734, "step": 106}
{"lr": 0.007, "data_time": 0.007235002517700195, "loss": 4.972446632385254, "loss_prob": 2.816405439376831, "loss_thr": 1.1561115264892579, "loss_db": 0.9999296426773071, "time": 0.5854336738586425, "epoch": 7, "iter": 111, "memory": 19734, "step": 111}
{"lr": 0.007, "data_time": 3.9175445795059205, "loss": 4.962677526473999, "loss_prob": 2.815811347961426, "loss_thr": 1.1470014214515687, "loss_db": 0.9998646795749664, "time": 4.500882315635681, "epoch": 8, "iter": 117, "memory": 19734, "step": 117}
{"lr": 0.007, "data_time": 3.9175546169281006, "loss": 4.96345591545105, "loss_prob": 2.8151719331741334, "loss_thr": 1.1484737396240234, "loss_db": 0.9998101770877839, "time": 4.531940269470215, "epoch": 8, "iter": 122, "memory": 19734, "step": 122}
{"lr": 0.007, "data_time": 0.0032398462295532226, "loss": 4.970273685455322, "loss_prob": 2.819090151786804, "loss_thr": 1.1522998571395875, "loss_db": 0.9988836526870728, "time": 0.591183352470398, "epoch": 8, "iter": 127, "memory": 19734, "step": 127}
{"lr": 0.007, "data_time": 3.8665358781814576, "loss": 4.971625900268554, "loss_prob": 2.8176282167434694, "loss_thr": 1.1554287791252136, "loss_db": 0.9985689640045166, "time": 4.510421466827393, "epoch": 9, "iter": 133, "memory": 19734, "step": 133}
{"lr": 0.007, "data_time": 3.8694246292114256, "loss": 4.95938663482666, "loss_prob": 2.817046022415161, "loss_thr": 1.1424455046653748, "loss_db": 0.999895167350769, "time": 4.524484157562256, "epoch": 9, "iter": 138, "memory": 19734, "step": 138}
{"lr": 0.007, "data_time": 0.007021427154541016, "loss": 4.956217670440674, "loss_prob": 2.8151998996734617, "loss_thr": 1.1411571860313416, "loss_db": 0.999860554933548, "time": 0.5857896566390991, "epoch": 9, "iter": 143, "memory": 19734, "step": 143}
{"lr": 0.007, "data_time": 3.7518450260162353, "loss": 4.958107995986938, "loss_prob": 2.8160165786743163, "loss_thr": 1.1422617197036744, "loss_db": 0.9998296022415161, "time": 4.441335940361023, "epoch": 10, "iter": 149, "memory": 19734, "step": 149}
{"lr": 0.007, "data_time": 3.7512451648712157, "loss": 4.962651538848877, "loss_prob": 2.8150041103363037, "loss_thr": 1.1478479743003844, "loss_db": 0.9997994244098664, "time": 4.4594118118286135, "epoch": 10, "iter": 154, "memory": 19734, "step": 154}
{"lr": 0.007, "data_time": 0.003655099868774414, "loss": 4.954791736602783, "loss_prob": 2.8136420249938965, "loss_thr": 1.141662609577179, "loss_db": 0.9994870781898498, "time": 0.581372857093811, "epoch": 10, "iter": 159, "memory": 19734, "step": 159}
