{"icdar/precision": 0.8690416457601605, "icdar/recall": 0.8338950409244102, "icdar/hmean": 0.8511056511056512, "data_time": 0.0023359251022338867, "time": 0.051562973976135254}